{
    "model_name": "CustomCNN",
    "overall_metrics": {
        "accuracy": 0.19453207150368035,
        "precision_macro": 0.02161467461152004,
        "precision_weighted": 0.037842726843513,
        "recall_macro": 0.1111111111111111,
        "recall_weighted": 0.19453207150368035,
        "f1_macro": 0.036189358372456966,
        "f1_weighted": 0.063359917655248
    },
    "per_class_metrics": {
        "precision": [
            0.0,
            0.0,
            0.0,
            0.0,
            0.0,
            0.0,
            0.19453207150368035,
            0.0,
            0.0
        ],
        "recall": [
            0.0,
            0.0,
            0.0,
            0.0,
            0.0,
            0.0,
            1.0,
            0.0,
            0.0
        ],
        "f1": [
            0.0,
            0.0,
            0.0,
            0.0,
            0.0,
            0.0,
            0.3257042253521127,
            0.0,
            0.0
        ]
    },
    "confidence_stats": {
        "correct_mean": 0.17900927364826202,
        "correct_median": 0.17900928854942322,
        "incorrect_mean": 0.1793031245470047,
        "incorrect_median": 0.17900928854942322
    }
}