{
    "model_name": "CustomCNN_v1",
    "overall_metrics": {
        "accuracy": 0.19348054679284962,
        "precision_macro": 0.02152046783625731,
        "precision_weighted": 0.03767779069123914,
        "recall_macro": 0.11051051051051052,
        "recall_weighted": 0.19348054679284962,
        "f1_macro": 0.03602545276554087,
        "f1_weighted": 0.0630729535800479
    },
    "per_class_metrics": {
        "precision": [
            0.0,
            0.0,
            0.0,
            0.0,
            0.0,
            0.0,
            0.1936842105263158,
            0.0,
            0.0
        ],
        "recall": [
            0.0,
            0.0,
            0.0,
            0.0,
            0.0,
            0.0,
            0.9945945945945946,
            0.0,
            0.0
        ],
        "f1": [
            0.0,
            0.0,
            0.0,
            0.0,
            0.0,
            0.0,
            0.32422907488986785,
            0.0,
            0.0
        ]
    },
    "confidence_stats": {
        "correct_mean": 0.957802951335907,
        "correct_median": 0.9697388410568237,
        "incorrect_mean": 0.9386507272720337,
        "incorrect_median": 0.9676052331924438
    }
}