{
    "model_name": "DeepCNN",
    "overall_metrics": {
        "accuracy": 0.19453207150368035,
        "precision_macro": 0.06947996650709062,
        "precision_weighted": 0.10038430342282641,
        "recall_macro": 0.11278657169055441,
        "recall_weighted": 0.19453207150368035,
        "f1_macro": 0.046737435152852586,
        "f1_weighted": 0.07676609303129127
    },
    "per_class_metrics": {
        "precision": [
            0.0,
            0.05263157894736842,
            0.0,
            0.2857142857142857,
            0.0,
            0.08333333333333333,
            0.2036405005688282,
            0.0,
            0.0
        ],
        "recall": [
            0.0,
            0.012195121951219513,
            0.0,
            0.02531645569620253,
            0.0,
            0.01,
            0.9675675675675676,
            0.0,
            0.0
        ],
        "f1": [
            0.0,
            0.019801980198019802,
            0.0,
            0.046511627906976744,
            0.0,
            0.017857142857142856,
            0.33646616541353386,
            0.0,
            0.0
        ]
    },
    "confidence_stats": {
        "correct_mean": 0.21023888885974884,
        "correct_median": 0.2129199504852295,
        "incorrect_mean": 0.1872979700565338,
        "incorrect_median": 0.18262889981269836
    }
}