{
    "model_name": "DeepCNN_v3_Fixed",
    "overall_metrics": {
        "accuracy": 0.5562565720294427,
        "precision_macro": 0.5777734300393038,
        "precision_weighted": 0.5885663670531741,
        "recall_macro": 0.5478643950457004,
        "recall_weighted": 0.5562565720294427,
        "f1_macro": 0.5355451108902343,
        "f1_weighted": 0.5454932344973926
    },
    "per_class_metrics": {
        "precision": [
            0.7045454545454546,
            0.5714285714285714,
            0.5487804878048781,
            0.75,
            0.41379310344827586,
            0.4142857142857143,
            0.5375494071146245,
            0.3465346534653465,
            0.9130434782608695
        ],
        "recall": [
            0.6739130434782609,
            0.7804878048780488,
            0.5357142857142857,
            0.47468354430379744,
            0.12121212121212122,
            0.58,
            0.7351351351351352,
            0.546875,
            0.4827586206896552
        ],
        "f1": [
            0.6888888888888889,
            0.6597938144329897,
            0.5421686746987951,
            0.5813953488372093,
            0.1875,
            0.48333333333333334,
            0.6210045662100456,
            0.42424242424242425,
            0.631578947368421
        ]
    },
    "confidence_stats": {
        "correct_mean": 0.6913553476333618,
        "correct_median": 0.7074379920959473,
        "incorrect_mean": 0.48675984144210815,
        "incorrect_median": 0.4544520378112793
    }
}