{
    "model_name": "DeepCNN_v2",
    "overall_metrics": {
        "accuracy": 0.6614090431125131,
        "precision_macro": 0.687346668256405,
        "precision_weighted": 0.6881096272259792,
        "recall_macro": 0.6406037441669299,
        "recall_weighted": 0.6614090431125131,
        "f1_macro": 0.6527697194830522,
        "f1_weighted": 0.6657602412806277
    },
    "per_class_metrics": {
        "precision": [
            0.8243243243243243,
            0.7547169811320755,
            0.8055555555555556,
            0.782312925170068,
            0.3237410071942446,
            0.776595744680851,
            0.6538461538461539,
            0.6666666666666666,
            0.5983606557377049
        ],
        "recall": [
            0.6630434782608695,
            0.4878048780487805,
            0.6904761904761905,
            0.7278481012658228,
            0.45454545454545453,
            0.73,
            0.7351351351351352,
            0.4375,
            0.8390804597701149
        ],
        "f1": [
            0.7349397590361446,
            0.5925925925925926,
            0.7435897435897436,
            0.7540983606557377,
            0.37815126050420167,
            0.7525773195876289,
            0.6921119592875318,
            0.5283018867924528,
            0.6985645933014354
        ]
    },
    "confidence_stats": {
        "correct_mean": 0.7465309500694275,
        "correct_median": 0.8029504418373108,
        "incorrect_mean": 0.5582018494606018,
        "incorrect_median": 0.5357753038406372
    }
}