{
    "model_name": "EfficientNetB0_Transfer",
    "overall_metrics": {
        "accuracy": 0.21240799158780233,
        "precision_macro": 0.04705297657425317,
        "precision_weighted": 0.06118525512864059,
        "recall_macro": 0.18018018018018017,
        "recall_weighted": 0.21240799158780233,
        "f1_macro": 0.07375079063883619,
        "f1_weighted": 0.09396400872346496
    },
    "per_class_metrics": {
        "precision": [
            0.0,
            0.0,
            0.0,
            0.0,
            0.0,
            0.0,
            0.2178030303030303,
            0.0,
            0.20567375886524822
        ],
        "recall": [
            0.0,
            0.0,
            0.0,
            0.0,
            0.0,
            0.0,
            0.6216216216216216,
            0.0,
            1.0
        ],
        "f1": [
            0.0,
            0.0,
            0.0,
            0.0,
            0.0,
            0.0,
            0.3225806451612903,
            0.0,
            0.3411764705882353
        ]
    },
    "confidence_stats": {
        "correct_mean": 0.42572858929634094,
        "correct_median": 0.3722343444824219,
        "incorrect_mean": 0.3684460520744324,
        "incorrect_median": 0.3544294536113739
    }
}