{
    "model_name": "EfficientNetB0_Transfer_finetuned",
    "overall_metrics": {
        "accuracy": 0.4405888538380652,
        "precision_macro": 0.4550158094328293,
        "precision_weighted": 0.44888592477260403,
        "recall_macro": 0.40794522743966133,
        "recall_weighted": 0.4405888538380652,
        "f1_macro": 0.3848891275778997,
        "f1_weighted": 0.40836299505715734
    },
    "per_class_metrics": {
        "precision": [
            0.40350877192982454,
            0.32075471698113206,
            0.6056338028169014,
            0.3948497854077253,
            0.3548387096774194,
            0.43037974683544306,
            0.5047169811320755,
            0.6666666666666666,
            0.41379310344827586
        ],
        "recall": [
            0.25,
            0.2073170731707317,
            0.5119047619047619,
            0.5822784810126582,
            0.1111111111111111,
            0.34,
            0.5783783783783784,
            0.125,
            0.9655172413793104
        ],
        "f1": [
            0.3087248322147651,
            0.2518518518518518,
            0.5548387096774193,
            0.47058823529411764,
            0.16923076923076924,
            0.37988826815642457,
            0.5390428211586902,
            0.21052631578947367,
            0.5793103448275863
        ]
    },
    "confidence_stats": {
        "correct_mean": 0.43016549944877625,
        "correct_median": 0.3999749422073364,
        "incorrect_mean": 0.35251376032829285,
        "incorrect_median": 0.3272593021392822
    }
}