{
    "model_name": "MobileNetV2",
    "overall_metrics": {
        "accuracy": 0.7518401682439537,
        "precision_macro": 0.7522862253821322,
        "precision_weighted": 0.7564565406742808,
        "recall_macro": 0.7535702442776816,
        "recall_weighted": 0.7518401682439537,
        "f1_macro": 0.7458412950326045,
        "f1_weighted": 0.7474916389657922
    },
    "per_class_metrics": {
        "precision": [
            0.8021978021978022,
            0.9090909090909091,
            0.6213592233009708,
            0.7784090909090909,
            0.6935483870967742,
            0.6721311475409836,
            0.7730061349693251,
            0.6666666666666666,
            0.8541666666666666
        ],
        "recall": [
            0.7934782608695652,
            0.7317073170731707,
            0.7619047619047619,
            0.8670886075949367,
            0.43434343434343436,
            0.82,
            0.6810810810810811,
            0.75,
            0.9425287356321839
        ],
        "f1": [
            0.7978142076502732,
            0.8108108108108109,
            0.6844919786096256,
            0.8203592814371258,
            0.5341614906832298,
            0.7387387387387387,
            0.7241379310344828,
            0.7058823529411765,
            0.8961748633879781
        ]
    },
    "confidence_stats": {
        "correct_mean": 0.84551602602005,
        "correct_median": 0.9200137257575989,
        "incorrect_mean": 0.6230617165565491,
        "incorrect_median": 0.5896614789962769
    }
}