{
    "model_name": "MobileNetV2_Transfer_finetuned",
    "overall_metrics": {
        "accuracy": 0.8622502628811777,
        "precision_macro": 0.8738642042031061,
        "precision_weighted": 0.8635994742240044,
        "recall_macro": 0.8580875838949426,
        "recall_weighted": 0.8622502628811777,
        "f1_macro": 0.8636033818056409,
        "f1_weighted": 0.8605948160686728
    },
    "per_class_metrics": {
        "precision": [
            0.9195402298850575,
            0.9166666666666666,
            0.8414634146341463,
            0.8314606741573034,
            0.8354430379746836,
            0.8482142857142857,
            0.8219895287958116,
            0.9166666666666666,
            0.9333333333333333
        ],
        "recall": [
            0.8695652173913043,
            0.8048780487804879,
            0.8214285714285714,
            0.9367088607594937,
            0.6666666666666666,
            0.95,
            0.8486486486486486,
            0.859375,
            0.9655172413793104
        ],
        "f1": [
            0.8938547486033519,
            0.8571428571428571,
            0.8313253012048193,
            0.8809523809523809,
            0.7415730337078652,
            0.8962264150943396,
            0.8351063829787234,
            0.8870967741935484,
            0.9491525423728814
        ]
    },
    "confidence_stats": {
        "correct_mean": 0.9418262243270874,
        "correct_median": 0.997726321220398,
        "incorrect_mean": 0.742468535900116,
        "incorrect_median": 0.7712334990501404
    }
}