{
    "model_name": "MobileNetV2_Transfer",
    "overall_metrics": {
        "accuracy": 0.7444794952681388,
        "precision_macro": 0.7553358050624607,
        "precision_weighted": 0.7497469467501039,
        "recall_macro": 0.747646902985382,
        "recall_weighted": 0.7444794952681388,
        "f1_macro": 0.7477774918100177,
        "f1_weighted": 0.7438042050861418
    },
    "per_class_metrics": {
        "precision": [
            0.8333333333333334,
            0.8939393939393939,
            0.6237623762376238,
            0.8175675675675675,
            0.5925925925925926,
            0.7663551401869159,
            0.6666666666666666,
            0.726027397260274,
            0.8777777777777778
        ],
        "recall": [
            0.7065217391304348,
            0.7195121951219512,
            0.75,
            0.7658227848101266,
            0.48484848484848486,
            0.82,
            0.745945945945946,
            0.828125,
            0.9080459770114943
        ],
        "f1": [
            0.7647058823529411,
            0.7972972972972973,
            0.6810810810810811,
            0.7908496732026143,
            0.5333333333333333,
            0.7922705314009661,
            0.7040816326530612,
            0.7737226277372263,
            0.8926553672316384
        ]
    },
    "confidence_stats": {
        "correct_mean": 0.8686239123344421,
        "correct_median": 0.9474834203720093,
        "incorrect_mean": 0.6307979226112366,
        "incorrect_median": 0.6087998747825623
    }
}