{
    "model_name": "ResNet50_Transfer",
    "overall_metrics": {
        "accuracy": 0.4195583596214511,
        "precision_macro": 0.4370723313747596,
        "precision_weighted": 0.4474122140855467,
        "recall_macro": 0.40813459463221774,
        "recall_weighted": 0.4195583596214511,
        "f1_macro": 0.3929087162132266,
        "f1_weighted": 0.40740755710468163
    },
    "per_class_metrics": {
        "precision": [
            0.30569948186528495,
            0.3391304347826087,
            0.7407407407407407,
            0.6101694915254238,
            0.3076923076923077,
            0.2916666666666667,
            0.4337899543378995,
            0.3333333333333333,
            0.5714285714285714
        ],
        "recall": [
            0.6413043478260869,
            0.47560975609756095,
            0.23809523809523808,
            0.45569620253164556,
            0.12121212121212122,
            0.21,
            0.5135135135135135,
            0.328125,
            0.6896551724137931
        ],
        "f1": [
            0.41403508771929826,
            0.39593908629441626,
            0.36036036036036034,
            0.5217391304347826,
            0.17391304347826086,
            0.2441860465116279,
            0.47029702970297027,
            0.33070866141732286,
            0.625
        ]
    },
    "confidence_stats": {
        "correct_mean": 0.4018072485923767,
        "correct_median": 0.368036150932312,
        "incorrect_mean": 0.3239201605319977,
        "incorrect_median": 0.3007049560546875
    }
}