{
    "model_name": "ResNet50",
    "overall_metrics": {
        "accuracy": 0.4037854889589905,
        "precision_macro": 0.37871617229697985,
        "precision_weighted": 0.38838240399976875,
        "recall_macro": 0.36290388058461803,
        "recall_weighted": 0.4037854889589905,
        "f1_macro": 0.33730478990231266,
        "f1_weighted": 0.3634870879981401
    },
    "per_class_metrics": {
        "precision": [
            0.5362318840579711,
            0.3619631901840491,
            0.0,
            0.48314606741573035,
            0.12244897959183673,
            0.5294117647058824,
            0.3684210526315789,
            0.2962962962962963,
            0.7105263157894737
        ],
        "recall": [
            0.40217391304347827,
            0.7195121951219512,
            0.0,
            0.5443037974683544,
            0.12121212121212122,
            0.09,
            0.6432432432432432,
            0.125,
            0.6206896551724138
        ],
        "f1": [
            0.45962732919254656,
            0.4816326530612245,
            0.0,
            0.5119047619047619,
            0.1218274111675127,
            0.15384615384615385,
            0.468503937007874,
            0.17582417582417584,
            0.6625766871165644
        ]
    },
    "confidence_stats": {
        "correct_mean": 0.5220770239830017,
        "correct_median": 0.5033524036407471,
        "incorrect_mean": 0.43461698293685913,
        "incorrect_median": 0.411176472902298
    }
}