{
    "model_name": "ResNet50_Transfer_finetuned",
    "overall_metrics": {
        "accuracy": 0.5141955835962145,
        "precision_macro": 0.5058871713941121,
        "precision_weighted": 0.504371063938885,
        "recall_macro": 0.4700722836675257,
        "recall_weighted": 0.5141955835962145,
        "f1_macro": 0.4551528944573949,
        "f1_weighted": 0.4802060234923824
    },
    "per_class_metrics": {
        "precision": [
            0.5578947368421052,
            0.6046511627906976,
            0.6470588235294118,
            0.48659003831417624,
            0.46875,
            0.3409090909090909,
            0.4977973568281938,
            0.3333333333333333,
            0.616
        ],
        "recall": [
            0.5760869565217391,
            0.3170731707317073,
            0.5238095238095238,
            0.8037974683544303,
            0.15151515151515152,
            0.3,
            0.6108108108108108,
            0.0625,
            0.8850574712643678
        ],
        "f1": [
            0.5668449197860963,
            0.416,
            0.5789473684210527,
            0.6062052505966588,
            0.22900763358778625,
            0.3191489361702128,
            0.5485436893203883,
            0.10526315789473684,
            0.7264150943396226
        ]
    },
    "confidence_stats": {
        "correct_mean": 0.5110769867897034,
        "correct_median": 0.5040926337242126,
        "incorrect_mean": 0.3882277309894562,
        "incorrect_median": 0.36894935369491577
    }
}