{
    "model_name": "VGG16_Transfer_finetuned",
    "overall_metrics": {
        "accuracy": 0.8380651945320715,
        "precision_macro": 0.8436347613535022,
        "precision_weighted": 0.8415491616898655,
        "recall_macro": 0.8341926471785737,
        "recall_weighted": 0.8380651945320715,
        "f1_macro": 0.8343034119927683,
        "f1_weighted": 0.8352830533479382
    },
    "per_class_metrics": {
        "precision": [
            0.9113924050632911,
            0.9436619718309859,
            0.7978723404255319,
            0.7914438502673797,
            0.8169014084507042,
            0.8055555555555556,
            0.8539325842696629,
            0.7761194029850746,
            0.8958333333333334
        ],
        "recall": [
            0.782608695652174,
            0.8170731707317073,
            0.8928571428571429,
            0.9367088607594937,
            0.5858585858585859,
            0.87,
            0.8216216216216217,
            0.8125,
            0.9885057471264368
        ],
        "f1": [
            0.8421052631578947,
            0.8758169934640523,
            0.8426966292134831,
            0.8579710144927536,
            0.6823529411764706,
            0.8365384615384616,
            0.837465564738292,
            0.7938931297709924,
            0.9398907103825137
        ]
    },
    "confidence_stats": {
        "correct_mean": 0.8787691593170166,
        "correct_median": 0.9649384021759033,
        "incorrect_mean": 0.6059447526931763,
        "incorrect_median": 0.5797305107116699
    }
}