{
    "model_name": "VGG16",
    "overall_metrics": {
        "accuracy": 0.7181913774973712,
        "precision_macro": 0.736320868231418,
        "precision_weighted": 0.7251148617889976,
        "recall_macro": 0.7029508996910575,
        "recall_weighted": 0.7181913774973712,
        "f1_macro": 0.7133642062056296,
        "f1_weighted": 0.7150280280732199
    },
    "per_class_metrics": {
        "precision": [
            0.8333333333333334,
            0.8591549295774648,
            0.8260869565217391,
            0.627906976744186,
            0.5432098765432098,
            0.7674418604651163,
            0.7106598984771574,
            0.6551724137931034,
            0.803921568627451
        ],
        "recall": [
            0.6521739130434783,
            0.7439024390243902,
            0.6785714285714286,
            0.8544303797468354,
            0.4444444444444444,
            0.66,
            0.7567567567567568,
            0.59375,
            0.9425287356321839
        ],
        "f1": [
            0.7317073170731707,
            0.7973856209150327,
            0.7450980392156863,
            0.7238605898123325,
            0.4888888888888889,
            0.7096774193548387,
            0.7329842931937173,
            0.6229508196721312,
            0.8677248677248677
        ]
    },
    "confidence_stats": {
        "correct_mean": 0.8060929775238037,
        "correct_median": 0.88030606508255,
        "incorrect_mean": 0.5565087199211121,
        "incorrect_median": 0.5460928678512573
    }
}