{
    "model_name": "VGG16_Transfer",
    "overall_metrics": {
        "accuracy": 0.7423764458464774,
        "precision_macro": 0.7485818516045251,
        "precision_weighted": 0.7407455420472285,
        "recall_macro": 0.7382418853292403,
        "recall_weighted": 0.7423764458464774,
        "f1_macro": 0.7385534116558957,
        "f1_weighted": 0.7368009824129172
    },
    "per_class_metrics": {
        "precision": [
            0.810126582278481,
            0.8734177215189873,
            0.7647058823529411,
            0.6935483870967742,
            0.6507936507936508,
            0.72,
            0.7216494845360825,
            0.7049180327868853,
            0.7980769230769231
        ],
        "recall": [
            0.6956521739130435,
            0.8414634146341463,
            0.7738095238095238,
            0.8164556962025317,
            0.41414141414141414,
            0.72,
            0.7567567567567568,
            0.671875,
            0.9540229885057471
        ],
        "f1": [
            0.7485380116959064,
            0.8571428571428571,
            0.7692307692307693,
            0.75,
            0.5061728395061729,
            0.72,
            0.7387862796833773,
            0.688,
            0.8691099476439791
        ]
    },
    "confidence_stats": {
        "correct_mean": 0.8033385276794434,
        "correct_median": 0.8905507326126099,
        "incorrect_mean": 0.548437237739563,
        "incorrect_median": 0.5294492840766907
    }
}