{
    "model_name": "YOLOv8n",
    "overall_metrics": {
        "accuracy": 0.5867507886435331,
        "precision_macro": 0.6584488644316492,
        "precision_weighted": 0.6690098790894762,
        "recall_macro": 0.5596451891362229,
        "recall_weighted": 0.5867507886435331,
        "f1_macro": 0.5675585627549729,
        "f1_weighted": 0.5924173419715701
    },
    "per_class_metrics": {
        "precision": [
            0.7413793103448276,
            0.5862068965517241,
            0.8157894736842105,
            0.7277777777777777,
            0.25984251968503935,
            0.6637168141592921,
            0.7302631578947368,
            0.55,
            0.851063829787234
        ],
        "recall": [
            0.4673913043478261,
            0.2073170731707317,
            0.36904761904761907,
            0.8291139240506329,
            0.6666666666666666,
            0.75,
            0.6,
            0.6875,
            0.45977011494252873
        ],
        "f1": [
            0.5733333333333334,
            0.3063063063063063,
            0.5081967213114754,
            0.7751479289940828,
            0.37393767705382436,
            0.704225352112676,
            0.658753709198813,
            0.6111111111111112,
            0.5970149253731343
        ]
    },
    "confidence_stats": {
        "correct_mean": 0.8860334753990173,
        "correct_median": 0.9768847227096558,
        "incorrect_mean": 0.7675672769546509,
        "incorrect_median": 0.7977758049964905
    }
}