{
    "model_name": "YOLOv8s",
    "overall_metrics": {
        "accuracy": 0.5741324921135647,
        "precision_macro": 0.6445171605264355,
        "precision_weighted": 0.6526459084305898,
        "recall_macro": 0.532161745479382,
        "recall_weighted": 0.5741324921135647,
        "f1_macro": 0.5267967058791166,
        "f1_weighted": 0.5616956238146231
    },
    "per_class_metrics": {
        "precision": [
            0.9117647058823529,
            0.6451612903225806,
            0.7307692307692307,
            0.6456310679611651,
            0.31413612565445026,
            0.632,
            0.6902173913043478,
            0.37383177570093457,
            0.8571428571428571
        ],
        "recall": [
            0.33695652173913043,
            0.24390243902439024,
            0.4523809523809524,
            0.8417721518987342,
            0.6060606060606061,
            0.79,
            0.6864864864864865,
            0.625,
            0.20689655172413793
        ],
        "f1": [
            0.49206349206349204,
            0.35398230088495575,
            0.5588235294117647,
            0.7307692307692307,
            0.41379310344827586,
            0.7022222222222222,
            0.6883468834688347,
            0.4678362573099415,
            0.3333333333333333
        ]
    },
    "confidence_stats": {
        "correct_mean": 0.8845710158348083,
        "correct_median": 0.9747030735015869,
        "incorrect_mean": 0.7483406066894531,
        "incorrect_median": 0.7821798324584961
    }
}