{
    "CustomCNN": 0.018993839835728957,
    "CustomCNN_v1": 0.018993839835728957,
    "DeepCNN": 0.01925051334702259,
    "DeepCNN_v2": 0.07007186858316222,
    "DeepCNN_v3_Fixed": 0.05698151950718686,
    "DeepCNN_v3": 0.018993839835728957,
    "EfficientNetB0_Transfer": 0.023613963039014377,
    "EfficientNetB0_Transfer_finetuned": 0.04363449691991787,
    "MobileNetV2_Transfer": 0.077258726899384,
    "MobileNetV2_Transfer_finetuned": 0.08418891170431213,
    "MobileNetV2": 0.07674537987679672,
    "ResNet50_Transfer": 0.042607802874743333,
    "ResNet50_Transfer_finetuned": 0.05313141683778235,
    "ResNet50": 0.03952772073921972,
    "VGG16_Transfer": 0.0787987679671458,
    "VGG16_Transfer_finetuned": 0.08495893223819304,
    "VGG16": 0.07674537987679672,
    "YOLOv8n": 0.05954825462012321,
    "YOLOv8s": 0.05595482546201233
}